{
    "_id": "lod",
    "author": "Ash47",
    "authorimage": "http://cdn.akamai.steamstatic.com/steamcommunity/public/images/avatars/d2/d24b838a3e82a455bae9ed4f2ec0e4e478082984_full.jpg",
    "bundle": "lod.zip",
    "description": "Pick your hero's abilities to build an overpowered masterpiece.",
    "features": ["Pick your skills to build an overpowered masterpiece!", "Test out different combinations!", "Create unique and creative heros to dominate your opponent."],
    "fullname": "Legends of Dota",
    "isPublic": true,
    "name": "lod",
    "playable": true,
    "spreadimage": "http://cloud-4.steampowered.com/ugc/3317213647378905399/80C947AB4AF54D8A7EE5939E95C51E2CF790C638/2048x1152.resizedimage",
    "spreadvideo": null,
    "subtitle": "Pick your abilities to build epic combos!",
    "thumbnail": "http://oyster.ignimgs.com/mediawiki/apis.ign.com/dota-2/f/f9/CM_Random_Ablity.png",
    "thumbsmall": "http://oyster.ignimgs.com/mediawiki/apis.ign.com/dota-2/f/f9/CM_Random_Ablity.png",
    "version": "14.8.3",
    "website": "http://forum.d2modd.in/topic/42/pick-your-skills",
    "disableGG": true,
    "mapOverride": "dota_lod"
}