<root>
	<styles>
		<include src="s2r://panorama/styles/dotastyles.vcss_c" />
		<include src="file://{resources}/styles/custom_game/avalon.css" />
		<include src="file://{resources}/layout/custom_game/frames/bubble/bubble.css" />
	</styles>
	<scripts>
		<include src="file://{resources}/layout/custom_game/frames/bubble/bubble.js" />
	</scripts>
	<snippets>
		<snippet name="bubble">
			<Panel class="bubble" hittest="false">
				<Label id="Text" hittest="false" html="true" text="" />
				<Panel id="Arrow" hittest="false" />
			</Panel>
		</snippet>
	</snippets>
	<Panel hittest="false" class="Root" >
	</Panel>
</root>
